"","SP_ID","IDPROV","IDDPTO","NOMBDEP","NOMBPROV","SUP_INSULA","SUP_LACUST","SUP_INS_D","IDH","esperanza","secundaria","educa","percapitaf","IDE","identidad","salud","educacion","saneamient","electrific","poblacion","costa","capital","tamano","fecundidad","desnutrici","densidadpo","mortalidad","analfa","analfa1","analfa2","analfa3","analfa4","pob","pob_ur","pob_rural","pob_h","pob_m","Voto_PPK","Voto_FP"
"1","116","1304","13","LA LIBERTAD","CHEPEN",0,0,0,0.377879949,74.44,62.50938998,8.037114639,343.056896,0.757,99.096,13.0308,92.1739,84.7516,80.7373,84037,"SI","NO",2,2.44,18.933333,66.51,14.7,7.44,6.56,11.6,4.01,10.8,75980,62153,13827,37909,38071,15236,33121
"2","117","1305","13","LA LIBERTAD","JULCAN",0,0,0,0.195177713,70.67,23.18497146,4.243114513,155.558216,0.5272,97.7276,9.0297,60.0022,54.2229,36.6195,32400,"NO","NO",1,3.98,54.25065,29.95,26.4,17.39,13.04,18.21,7.67,26.99,32985,4886,28099,16509,16476,6483,9723
"3","118","1306","13","LA LIBERTAD","OTUZCO",0,0,0,0.223930858,72.74,30.09362596,4.5791231,178.3443601,0.5877,97.0273,11.9985,59.9136,61.6578,55.241,92237,"NO","NO",2,3.32,45.156359,42.08,19.6,15.64,9.73,17.68,7.97,23.36,88817,21179,67638,44769,44048,14794,30304
"4","119","1307","13","LA LIBERTAD","PACASMAYO",0,0,0,0.397975561,75.63,64.0517273,8.860725088,361.2748166,0.7841,99.301,15.9519,93.8715,82.1331,90.1695,101954,"SI","NO",3,2.33,15.377904,83.77,11.4,5.99,5.44,13.46,3.42,8.46,94377,87718,6659,46661,47716,21760,36775
"5","113","1301","13","LA LIBERTAD","TRUJILLO",0,0,0,0.471726762,75.09,69.41866008,10.4379811,511.9673189,0.888,99.3464,32.9186,95.7003,98.0614,96.0229,914036,"SI","SI",4,2.02,10.894048,459.1,12.9,3.46,3.32,9.67,1.62,5.12,811979,792355,19624,392486,419493,240401,320177
"6","114","1302","13","LA LIBERTAD","ASCOPE",0,0,0,0.411880265,74.08,67.35516034,8.969692645,396.0647035,0.7553,99.5,17.602,96.5098,65.4569,86.8584,120884,"SI","NO",3,2.21,18.310537,43.77,15.7,5.52,4.96,9.62,2.96,8.05,116229,102230,13999,58299,57930,26564,44878
"7","115","1303","13","LA LIBERTAD","BOLIVAR",0,0,0,0.200726603,72.4,25.07491243,5.560417051,132.928948,0.5894,96.7847,17.0746,59.0046,51.4671,58.9619,16910,"NO","NO",1,5.37,64.709951,9.69,20.7,12.94,7.43,16.25,7.74,18.51,16650,5754,10896,8607,8043,2425,3009
"8","120","1308","13","LA LIBERTAD","PATAZ",0,0,0,0.217107549,70.01,26.75645872,5.374981331,164.561778,0.6038,95.7538,11.8223,61.6108,58.1123,66.7366,85687,"NO","NO",2,4.57,58.558247,18.55,28.8,20.03,8.78,24.47,10.82,30.97,78383,20462,57921,41638,36745,9708,18759
"9","121","1309","13","LA LIBERTAD","SANCHEZ CARRION",0,0,0,0.180323063,69.9,24.02419553,3.722521288,142.0926904,0.4838,96.212,8.273,48.1215,39.5255,44.2572,149616,"NO","NO",3,3.98,65.379593,54.79,29.2,28.32,13.21,34.65,14.33,40.93,136221,36585,99636,66321,69900,16838,45056
"10","191","2402","24","TUMBES","CONTRALMIRANTE VILLAR",0,0,0,0.396639069,75.45,58.04013146,7.961953666,399.5140209,0.6659,99.1872,6.6236,81.4642,59.7919,81.4494,19180,"NO","NO",1,2.87,11.206156,7.97,11.9,3.6,2.97,5.73,2.88,4.42,16914,13244,3670,8951,7963,2950,8403
"11","192","2403","24","TUMBES","ZARUMILLA",0,0,0,0.381784087,74.33,54.84722549,8.430926492,364.6782233,0.6849,97.4754,6.9758,81.2087,71.0227,81.1197,49499,"NO","NO",1,3.19,11.789823,55.1,15,3.81,3.33,8.59,3.12,4.6,41054,37347,3707,21695,19359,4470,20567
"12","190","2401","24","TUMBES","TUMBES",0,0,0,0.422685617,75.42,59.90597293,9.320005046,428.2944218,0.7622,99.1184,18.382,86.2661,77.6778,87.4196,159548,"NO","SI",3,2.62,11.691337,79.04,12,3.27,2.91,7.37,2.78,3.79,142338,131105,11233,73057,69281,28785,57885
"13","34","0307","03","APURIMAC","GRAU",0,0,0,0.223514327,69.63,38.74376427,5.562908965,150.4885137,0.5827,95.6384,8.5845,82.4632,27.8333,71.1088,26987,"NO","NO",1,3.4,43.535798,11.54,30.2,24.67,14.89,31.38,11.57,37.9,25090,9980,15110,12760,12330,5535,4297
"14","33","0306","03","APURIMAC","CHINCHEROS",0,0,0,0.227006808,70.67,37.05434329,4.971474532,166.6884861,0.624,97.966,7.1636,81.505,53.1857,67.3993,57750,"NO","NO",2,3.45,38.923966,41.52,26.4,23.87,16.11,27.64,13.61,33.77,51583,16592,34991,25701,25882,10613,9028
"15","32","0305","03","APURIMAC","COTABAMBAS",0,0,0,0.195071778,71.31,27.83755742,4.245887895,143.2647452,0.5426,95.6449,6.0624,74.0475,33.988,57.4942,51667,"NO","NO",2,4.68,50.229112,17.52,24.3,33.17,15.54,40.31,18.25,48.32,45771,12205,33566,23126,22645,11722,5794
"16","31","0304","03","APURIMAC","AYMARAES",0,0,0,0.246151839,70.44,47.37314461,5.649455455,170.4620119,0.611,97.5102,4.9546,92.2419,34.5556,72.9106,32722,"NO","NO",1,4,36.905958,7.02,27.2,23.07,17,27.65,10.04,36.65,29569,12764,16805,15073,14496,5700,7037
"17","30","0303","03","APURIMAC","ANTABAMBA",0,0,0,0.22095813,66.82,37.58077775,5.793061057,152.3606264,0.57,96.1608,5.3211,91.055,25.2835,63.6509,13399,"NO","NO",1,4.76,40.430951,3.81,41.2,21.53,17,31.73,8.93,34.27,12267,8616,3651,6272,5995,2449,2314
"18","29","0302","03","APURIMAC","ANDAHUAYLAS",0,0,0,0.267205081,73.15,49.7892967,5.442921105,198.9673257,0.718,98.366,12.4028,83.7088,72.297,83.9755,163662,"NO","NO",3,3.15,37.054541,36.08,18.3,22.48,11.96,31.68,10.05,33.72,143846,64704,79142,70223,73623,31938,32451
"19","28","0301","03","APURIMAC","ABANCAY",0,0,0,0.353832777,73.43,66.50040754,7.87793204,288.5724032,0.7466,97.9042,16.9311,93.6909,63.0011,90.5064,105694,"NO","SI",3,2.52,24.420776,27.87,17.5,13.45,6.31,26.77,6.95,19.59,96064,60810,35254,47611,48453,26226,26089
"20","124","1312","13","LA LIBERTAD","VIRU",0,0,0,0.313474979,74.48,44.75082292,6.755467091,267.996013,0.6949,98.3704,5.9394,74.0766,84.9306,80.1798,101167,"SI","NO",3,2.7,24.257273,23.83,14.6,8.23,7.02,12.24,4.07,12.79,76710,59090,17620,39716,36994,14620,28631
"21","123","1311","13","LA LIBERTAD","GRAN CHIMU",0,0,0,0.249135874,72.37,28.98687342,5.789759837,204.1779281,0.5843,97.0097,10.7215,67.204,66.2424,43.8284,31402,"NO","NO",1,3.47,40.7634,23.66,20.8,12.17,5.37,14.16,7.82,17.54,30399,6544,23855,16389,14010,3293,11343
"22","122","1310","13","LA LIBERTAD","SANTIAGO DE CHUCO",0,0,0,0.257136591,72.74,31.13167954,5.760725706,213.7445958,0.5667,98.0769,11.9058,68.7819,45.5874,51.0685,61329,"NO","NO",2,3.88,52.684659,21.93,19.6,14.31,9.02,17.2,5.59,23.55,58320,19966,38354,29797,28523,8677,16157
"23","185","2210","22","SAN MARTIN","TOCACHE",0,0,0,0.328154523,71.8,45.65851279,7.140593206,304.492104,0.6456,94.9457,10.5095,92.4323,43.6077,74.3133,73460,"NO","NO",2,2.74,22.519135,12.33,22.7,8,4.86,11.41,4.46,12.9,72346,36510,35836,40508,31838,15798,18970
"24","146","1701","17","MADRE DE DIOS","TAMBOPATA",0,0,0,0.431513868,71.31,64.85990345,9.979440094,454.8284837,0.8027,99.2041,26.2887,86.1364,84.2227,87.9527,91988,"NO","SI",2,2.65,11.664907,2.17,24.3,2.84,2.27,5.58,1.47,4.42,78523,65444,13079,41431,37092,22116,36514
"25","147","1702","17","MADRE DE DIOS","MANU",0,0,0,0.359135376,71.13,51.12324351,8.201547248,344.3511781,0.5941,93.5355,12.1582,81.1164,37.0703,65.0632,22906,"NO","NO",1,2.81,13.73293,0.73,24.9,4.81,3.99,5.22,2.95,7.6,20290,7261,13029,11620,8670,1445,5374
"26","148","1703","17","MADRE DE DIOS","TAHUAMANU",0,0,0,0.417133846,76.67,57.44600109,9.468248775,408.0114603,0.7263,99.5,27.4945,82.3381,56.4859,79.0064,12745,"NO","NO",1,2.58,12.659,0.51,9.2,3.17,2.08,5.78,1.51,6.07,10742,7604,3138,6448,4294,1816,2739
"27","64","0611","06","CAJAMARCA","SAN MIGUEL",0,0,0,0.229744072,72.92,31.68836045,4.938467423,176.4229144,0.5787,96.5258,6.9082,85.777,48.1129,47.3965,57492,"NO","NO",2,2.4,40.793651,22.09,19,15.97,8.18,17.55,6.19,25.23,56146,9072,47074,27819,28327,12455,13525
"28","98","1011","10","HUANUCO","YAROWILCA",0,0,0,0.195610528,69.84,29.3220981,4.674682219,136.3283508,0.5294,98.2606,9.5985,76.9046,31.8684,41.6769,33715,"NO","NO",1,3.11,43.819129,42.62,29.4,18.71,11.61,21.17,6.69,29.25,32380,7924,24456,15658,16722,8667,3137
"29","55","0602","06","CAJAMARCA","CAJABAMBA",0,0,0,0.218915736,73.65,23.47357356,4.523443052,185.3182421,0.5979,95.2706,6.2862,66.8311,63.4764,62.887,80086,"NO","NO",2,3.22,47.726994,41.1,16.9,19.28,9.42,22.86,10.08,27.81,74287,18194,56093,36644,37643,9567,21421
"30","56","0603","06","CAJAMARCA","CELENDIN",0,0,0,0.204745823,69.33,26.51018074,4.745809389,157.1099639,0.589,96.3898,6.3241,68.4681,57.1751,61.9291,95433,"NO","NO",2,3.06,47.280156,33.51,31.3,18.57,8.07,22.53,9.96,26.64,88508,22170,66338,43454,45054,22466,13746
"31","54","0601","06","CAJAMARCA","CAJAMARCA",0,0,0,0.328116241,71.83,47.86025787,7.478370411,290.0186807,0.7481,98.0678,15.7259,86.1347,76.1244,87.531,368639,"NO","SI",4,2.29,34.269162,106.1,22.6,13.78,5.92,24.47,5.66,21.46,316152,174728,141424,155571,160581,76556,109638
"32","59","0606","06","CAJAMARCA","CUTERVO",0,0,0,0.221933203,73.07,32.03123003,4.666676245,167.2601275,0.5462,97.1251,10.0209,72.5216,36.2101,50.5428,143667,"NO","NO",3,3.11,46.300962,45.64,18.5,19.96,10.16,22.66,10.71,29.08,138213,26870,111343,69481,68732,28468,25906
"33","66","0613","06","CAJAMARCA","SANTA CRUZ",0,0,0,0.257391935,72.31,44.23746215,5.446538195,193.1643926,0.5349,96.0784,6.7198,87.9763,13.79,58.3943,45955,"NO","NO",1,2.85,38.786323,30.93,21,16.87,6.67,19.76,8.84,24.79,43856,9192,34664,22012,21844,9497,10353
"34","57","0604","06","CAJAMARCA","CHOTA",0,0,0,0.237848622,72.74,37.80365095,4.649368268,186.3528788,0.5856,95.8657,6.9577,79.134,41.0023,65.2231,167670,"NO","NO",3,2.77,43.434846,42.28,19.6,21.84,9.81,25.17,10.02,32.58,160447,32301,128146,77987,82460,39309,30834
"35","58","0605","06","CAJAMARCA","CONTUMAZA",0,0,0,0.291315622,71.98,37.60318565,6.265653323,261.3267221,0.6327,96.95,8.5074,89.5479,51.3358,64.3249,32602,"NO","NO",1,2.72,40.023686,15.15,22.1,9.85,5.29,13.5,5.49,14.37,31369,13297,18072,15985,15384,6584,8637
"36","61","0608","06","CAJAMARCA","JAEN",0,0,0,0.310631497,72.46,47.23825143,6.550365526,269.9690489,0.6372,95.813,10.8123,83.2315,44.7478,76.7748,198354,"NO","NO",3,2.75,42.28635,35.09,20.5,11.83,6.28,18.12,7.25,16.63,183634,91910,91724,94094,89540,53416,43856
"37","62","0609","06","CAJAMARCA","SAN IGNACIO",0,0,0,0.231069742,72.16,33.2746806,5.0919502,174.3106164,0.5762,95.7543,5.6695,76.5965,47.2578,59.029,145478,"NO","NO",3,3.73,46.450348,26.3,21.5,14.62,6.54,16.33,9.53,20.64,131239,20604,110635,69686,61553,32624,26582
"38","186","2301","23","TACNA","TACNA",0,0,0,0.454933131,74.44,84.51999017,10.60085627,424.1655599,0.9104,99.4928,44.7413,90.0518,95.8766,95.2144,302852,"SI","SI",4,2.14,4.106944,32.57,14.7,3.26,2.96,7.5,1.27,5.18,262731,245930,16801,130212,132519,128234,56926
"39","188","2303","23","TACNA","JORGE BASADRE",0.16,0,0,0.43291791,73.15,66.94004066,10.43351305,425.6573093,0.8487,99.5,30.0799,97.3276,83.9754,93.4183,9641,"SI","NO",1,2.71,5.6696296,3.37,18.3,3.82,2.35,6.39,1.65,7.43,9872,6202,3670,5920,3952,5110,2664
"40","187","2302","23","TACNA","CANDARAVE",0,0,0,0.282660257,70.17,64.21104299,6.796424834,190.5686075,0.6521,99.5,7.1132,90.0467,40.1112,84.534,8435,"NO","NO",1,2.55,4.8259494,3.7,28.2,11.97,10.74,14.36,5.24,19.55,8373,5436,2937,4379,3994,2418,1785
"41","189","2304","23","TACNA","TARATA",0,0,0,0.282631552,72.65,73.38602472,7.665940937,162.2728734,0.7414,99.3157,22.5366,90.173,68.7254,74.9025,7987,"NO","NO",1,1.92,4.0400729,2.77,19.9,7.45,6.55,10.61,2.82,12.37,7805,6073,1732,4017,3788,3402,1868
"42","60","0607","06","CAJAMARCA","HUALGAYOC",0,0,0,0.205776782,73.04,24.36121839,4.050615784,171.5206294,0.5614,96.224,6.0375,71.3687,51.6709,51.3883,100009,"NO","NO",3,2.24,45.623709,115.57,18.6,28.57,14.71,33.04,13.02,42.61,89813,20404,69409,43620,46193,27407,11866
"43","13","0206","02","ANCASH","CARHUAZ",0,0,0,0.257580377,71.77,39.10985823,4.726503598,225.3555963,0.6956,98.4724,10.2247,72.057,73.2979,86.9098,46434,"NO","NO",1,2.51,38.027812,54.61,22.8,27.67,17.02,33.49,13.08,40.76,43902,14862,29040,21283,22619,11095,14916
"44","14","0207","02","ANCASH","CARLOS FERMIN FITZCARRALD",0,0,0,0.197127534,70.14,21.97712211,4.271378773,163.3327765,0.4982,97.0656,9.0871,59.7295,29.4336,47.7474,21920,"NO","NO",1,3.42,48.103583,34.16,28.3,30.36,11.49,34.31,17.97,41.46,21322,3403,17919,10304,11018,4133,3523
"45","11","0204","02","ANCASH","ASUNCION",0,0,0,0.229450397,68.98,33.65467109,4.8870522,185.1858104,0.6975,97.1484,17.189,81.5383,67.1184,74.2923,9013,"NO","NO",1,3.29,39.466231,17.13,32.6,28.53,8.46,35.05,17.88,37.86,9054,2302,6752,4400,4654,1940,1610
"46","12","0205","02","ANCASH","BOLOGNESI",0,0,0,0.298411834,70.46,50.00415479,7.376883766,230.0887375,0.6757,96.374,9.4165,85.2385,61.385,79.1416,32452,"NO","NO",1,3.14,36.188759,9.74,27.1,8.1,6.41,11.01,2.75,13.99,30725,19382,11343,16004,14721,5518,7275
"47","9","0202","02","ANCASH","AIJA",0,0,0,0.254353858,66.65,34.62627072,6.954080262,199.8290977,0.6579,98.2344,8.594,89.4989,47.7841,79.122,7974,"NO","NO",1,3.27,38.892857,11.48,41.9,8.25,3.7,10.54,3.22,13.12,7995,2528,5467,3994,4001,1820,2217
"48","10","0203","02","ANCASH","ANTONIO RAYMONDI",0,0,0,0.21310807,69.15,26.3518464,5.528009817,158.2642897,0.6113,96.8158,4.9923,77.7374,48.9181,73.8765,16879,"NO","NO",1,3.93,47.363411,30.38,32,20.35,10.05,24.46,8.96,31.34,17059,4455,12604,8492,8567,3696,2015
"49","8","0201","02","ANCASH","HUARAZ",0,0,0,0.379196626,71.71,66.45426709,8.910525887,334.2840524,0.8119,98.5073,21.8066,95.0063,82.9326,93.1496,161003,"NO","SI",3,2.25,26.62561,59.15,23,10.45,6.01,24.45,4.15,16.31,147463,109376,38087,72215,75248,45346,43742
"50","127","1403","14","LAMBAYEQUE","LAMBAYEQUE",16,0,0,0.305771748,72.19,53.39849685,7.11510814,235.4166828,0.6604,97.899,8.3964,72.9188,73.0946,72.3053,288141,"NO","NO",3,2.98,34.495739,27.69,21.4,9.36,4.5,14.37,5.78,12.78,259274,125294,133980,128807,130467,52258,107009
"51","126","1402","14","LAMBAYEQUE",NA,0,0,0,0.292345891,69.09,51.85105362,7.019423272,226.9875987,0.6891,96.8825,14.0778,73.4821,76.3114,74.4212,104820,"NO","NO",3,3.37,47.806079,60.9,32.2,14.46,5.87,26.05,7.84,20.76,96142,51661,44481,47669,48473,19388,31097
"52","125","1401","14","LAMBAYEQUE","CHICLAYO",0,0,0,0.399047917,75.09,62.05434234,9.50356373,358.3735781,0.8317,98.4564,25.7449,88.9529,86.0233,99.5,836299,"NO","SI",4,2.15,13.305398,230.36,12.9,4.73,4.22,12.35,2.53,6.7,757452,708279,49173,365468,391984,213605,269920
"53","97","1010","10","HUANUCO","LAURICOCHA",0,0,0,0.26072855,71.19,42.28716105,6.620912499,184.7825649,0.5554,96.3078,11.2596,82.0013,36.3976,44.2322,38257,"NO","NO",1,2.74,44.119534,18.99,24.7,8.56,5.53,9.48,4.07,13.37,35323,7938,27385,18294,17029,6295,2890
"54","63","0610","06","CAJAMARCA","SAN MARCOS",0,0,0,0.209225243,69.2,26.24867064,4.603338265,169.6297092,0.5805,95.5956,4.4653,69.885,66.3363,50.9721,54622,"NO","NO",2,3.06,45.997012,37.46,31.8,21.17,9.97,24.9,11.77,30.44,51031,11641,39390,25581,25450,9825,11728
"55","15","0208","02","ANCASH","CASMA",0,0,0,0.367964414,73.83,55.06110089,7.845762213,346.6700756,0.7466,96.9521,10.0441,89.7711,81.9572,87.877,46032,"SI","NO",1,2.74,14.584619,18.72,16.4,9.55,6.35,17.17,5.12,14.16,42368,29458,12910,21724,20644,9158,17984
"56","16","0209","02","ANCASH","CORONGO",0,0,0,0.264197207,72.4,32.47155729,6.02272506,220.1700347,0.6702,96.2646,11.3027,78.1769,61.6929,80.1392,8340,"NO","NO",1,3.07,38.919951,8.43,20.7,13.25,10.79,15.92,6.52,20.25,8329,4113,4216,4264,4065,1501,1951
"57","50","0508","05","AYACUCHO","PAUCAR DEL SARA SARA",0,0,0,0.289983603,72.92,56.00195107,6.870230927,203.3063157,0.7159,98.665,14.4225,93.9172,54.0318,87.283,11028,"NO","NO",1,3.1,41.873934,5.25,19,14.48,10.87,21.6,6.62,22.65,11012,7396,3616,5583,5429,2070,2130
"58","5","0105","01","AMAZONAS","LUYA",0,0,0,0.250816431,71.25,34.59977464,5.169240983,211.1026484,0.6047,96.1927,12.418,74.726,43.3484,67.3961,52185,"NO","NO",2,3.07,30.627197,14.93,24.5,14.27,11.71,16.14,8.27,20.76,48328,19526,28802,24968,23360,8652,11736
"59","4","0104","01","AMAZONAS","CONDORCANQUI",0,0,0,0.168765635,70.09,8.02116001,5.253847965,147.8792109,0.4598,86.232,8.557,52.2149,37.7145,39.4891,51802,"NO","NO",2,4.81,56.755867,2.42,28.5,18.97,7.09,21.35,8.57,29.61,43311,6458,36853,21806,21505,6069,3930
"60","7","0107","01","AMAZONAS","UTCUBAMBA",0,0,0,0.273661506,72.8,33.44359199,5.76615496,242.4838457,0.6097,95.1745,10.1102,77.1683,52.5195,63.1177,118747,"NO","NO",3,2.74,32.489951,28.25,19.4,12.85,7.82,17.08,7.11,19.31,109043,47064,61979,56969,52074,20971,30342
"61","6","0106","01","AMAZONAS","RODRIGUEZ DE MENDOZA",0,0,0,0.269854467,74.59,26.69196515,5.772830353,249.4701175,0.6312,97.3431,14.8787,79.4244,46.5018,67.5461,30236,"NO","NO",1,2.39,23.47929,11.18,14.3,7.85,4.27,9.68,4.96,11.14,26389,8593,17796,13903,12486,6818,6027
"62","1","0101","01","AMAZONAS","CHACHAPOYAS",0,0,0,0.333526234,72.49,45.69293628,7.400031948,307.1951539,0.7737,98.6179,25.45,91.4986,70.3454,83.9712,54783,"NO","SI",2,2.32,20.658649,15,20.4,7.97,5.2,14.79,4.28,11.45,49700,34343,15357,24433,25267,13771,11710
"63","3","0103","01","AMAZONAS","BONGARA",0,0,0,0.278790345,72.19,29.58502215,6.135140457,260.9737658,0.6318,97.4681,9.0102,76.424,54.8341,72.1693,32317,"NO","NO",1,2.47,30.370397,9.57,21.4,8.87,5.92,13.65,4.47,13.61,27465,16460,11005,14148,13317,5128,7957
"64","2","0102","01","AMAZONAS","BAGUA",0,0,0,0.291630081,73.65,39.88207459,6.556958723,241.2874906,0.6623,94.6079,14.6091,79.7902,64.479,67.9146,77438,"NO","NO",2,2.81,40.005875,12.49,16.9,11.62,6.46,17.06,6.1,17.41,71757,33559,38198,36713,35044,17490,15426
"65","85","0905","09","HUANCAVELICA","CHURCAMPA",0,0,0,0.180170148,70.01,34.34381866,4.685073996,107.7526922,0.5615,97.9364,3.7926,75.4469,25.9138,75.1098,45172,"NO","NO",1,3.45,57.710753,36.43,28.8,25.06,11.23,29.85,12.47,36.9,44903,10183,34720,22144,22759,6406,6758
"66","84","0904","09","HUANCAVELICA","CASTROVIRREYNA",0,0,0,0.232990423,70.36,42.76740186,6.994531477,139.2614798,0.5652,98.0852,4.7333,99.5,20.8772,56.2698,19500,"NO","NO",1,2.49,49.199297,4.89,27.5,12.07,5.9,15.3,4.06,21.14,19500,6128,13372,10216,9284,3656,5616
"67","87","0907","09","HUANCAVELICA","TAYACAJA",0,0,0,0.18778678,71.16,37.82975178,4.795077568,110.1139857,0.5827,97.2705,4.6864,77.79,28.8652,79.6273,107715,"NO","NO",3,3.11,55.101324,31.12,24.8,21.14,13.05,24,10.7,31.11,104901,25677,79224,52038,52863,21611,14372
"68","86","0906","09","HUANCAVELICA","HUAYTARA",0,0,0,0.227282655,72.1,38.00363711,6.499570215,138.9557863,0.5709,97.4424,6.9062,93.0713,24.043,59.383,23361,"NO","NO",1,2.84,54.06438,3.6,21.7,13.47,7.38,16.01,5.51,22.45,23274,6752,16522,12257,11017,3614,6578
"69","81","0901","09","HUANCAVELICA","HUANCAVELICA",0,0,0,0.247550377,68.37,47.01915936,6.457328784,166.7370162,0.6477,98.9226,8.4463,83.9779,40.4136,86.4489,153773,"NO","SI",3,2.91,54.014461,33.86,34.9,17.42,8.48,24.9,8.24,25.74,142723,59851,82872,69600,73123,38509,20649
"70","83","0903","09","HUANCAVELICA","ANGARAES",0,0,0,0.190047552,69.31,41.37623523,4.610815058,115.058199,0.5913,98.439,3.004,76.8243,36.9268,78.4647,60816,"NO","NO",2,3.53,58.420091,28.43,31.4,25.68,15.51,30.42,13.26,36.96,55704,16086,39618,27252,28452,12068,9202
"71","82","0902","09","HUANCAVELICA","ACOBAMBA",0,0,0,0.191121268,71.43,36.69991793,4.670571496,116.6439457,0.5771,98.7516,2.6282,77.5408,31.1721,76.7208,73243,"NO","NO",2,2.63,55.162966,70.04,23.9,22,13.81,25.92,10.36,32.82,63792,19345,44447,31399,32393,9303,8726
"72","52","0510","05","AYACUCHO","VICTOR FAJARDO",0,0,0,0.214680238,72.19,26.89616561,5.223345082,156.7777784,0.6156,99.1369,8.7686,77.8064,46.8821,69.3787,24213,"NO","NO",1,3.74,41.280958,11.24,21.4,22.55,20.14,29.67,6.96,36.57,25412,18904,6508,12316,13096,5070,3701
"73","137","1510","15","LIMA","YAUYOS",0,0,0,0.292004737,70.17,58.68951628,8.504178248,189.8741388,0.6657,98.4199,14.4953,83.6558,52.3377,74.2986,27842,"NO","NO",1,4.28,40.040523,3.98,28.2,5.01,3.97,6.35,1.43,9.52,27501,15727,11774,14983,12518,5383,8211
"74","18","0211","02","ANCASH","HUARMEY",0,0,0,0.392569166,74.84,63.44189809,8.874695641,354.3308697,0.7574,98.0051,13.3628,95.5122,75.2566,87.6444,29972,"SI","NO",1,2.22,14.349451,7.12,13.6,4.09,2.93,7.86,2.25,6.08,27820,21100,6720,14476,13344,6384,10774
"75","17","0210","02","ANCASH","HUARI",0,0,0,0.250368522,71.13,44.13195568,5.80781931,177.573042,0.6746,97.3123,14.087,76.3536,60.0936,80.0751,63726,"NO","NO",2,3.35,46.115754,22.58,24.9,20.08,11.25,25.1,9.02,31.97,62598,22313,40285,32135,30463,18504,12582
"76","20","0213","02","ANCASH","MARISCAL LUZURIAGA",0,0,0,0.216006188,70.67,33.54673278,4.514299684,163.8919821,0.5188,96.6549,5.202,69.084,31.2854,53.7286,23888,"NO","NO",1,3.92,48.9683,31.88,26.4,31.83,11.29,35.1,19.36,43.41,23292,2871,20421,11416,11876,6481,2584
"77","19","0212","02","ANCASH","HUAYLAS",0,0,0,0.258717927,72.89,28.13403238,5.3691707,236.1163723,0.6615,97.3926,14.3251,63.7338,69.345,76.4138,56102,"NO","NO",2,3.15,41.521129,23.43,19.1,21.38,7.86,28.87,11.22,30.92,53729,17538,36191,26491,27238,8295,18991
"78","22","0215","02","ANCASH","PALLASCA",0,0,0,0.242893298,67.68,40.37949224,5.805062376,182.14634,0.6122,94.5362,9.7786,75.6362,44.66,74.9557,30536,"NO","NO",1,3.53,43.79887,14.02,37.6,14.47,12.56,16.68,6.01,23.08,29454,15229,14225,14886,14568,6354,3996
"79","21","0214","02","ANCASH","OCROS",0,0,0,0.304621401,75.09,52.63058879,6.936655598,226.2860097,0.6367,97.9574,7.4294,93.4748,42.7468,71.765,10283,"NO","NO",1,3,30.741176,4.73,12.9,6.11,5.29,7.28,2.42,10.17,9196,5301,3895,4788,4408,1113,2773
"80","24","0217","02","ANCASH","RECUAY",0,0,0,0.297700503,70.61,54.32277369,6.941812535,227.9042917,0.711,97.7199,10.2591,90.2889,73.4154,76.9919,19509,"NO","NO",1,2.67,33.766586,8.29,26.6,11.3,9.54,13.69,3.81,18.23,19102,10860,8242,9320,9782,6329,5110
"81","23","0216","02","ANCASH","POMABAMBA",0,0,0,0.234069844,73.43,30.0410742,4.719719744,192.5817655,0.5789,96.6389,14.5264,63.921,49.764,54.9378,29196,"NO","NO",1,3.72,50.016149,30.58,17.5,32.97,11.33,39.95,19.29,45.16,27954,6142,21812,13502,14452,6251,4549
"82","26","0219","02","ANCASH","SIHUAS",0,0,0,0.232198961,70.92,34.72188143,4.924495509,180.8813269,0.6091,96.7049,12.0564,69.5418,43.0137,75.1775,31006,"NO","NO",1,3.72,49.083448,21.09,25.6,24.24,10.3,29.72,11.94,35.82,30700,7977,22723,15106,15594,7480,4953
"83","25","0218","02","ANCASH","SANTA",0,0,0,0.44098901,75.09,68.93913952,9.598979711,446.5217446,0.8245,98.0871,19.7013,96.4346,88.6281,96.2817,427157,"SI","NO",4,2.09,9.8233702,98.75,12.9,4.32,3.77,12.86,2.1,6.51,396434,370476,25958,197865,198569,128845,126027
"84","92","1005","10","HUANUCO","HUAMALIES",0,0,0,0.214496802,71.71,26.25679635,5.006413443,163.3318089,0.5598,94.9934,11.3609,75.2894,41.526,49.1445,73621,"NO","NO",2,2.79,43.695277,21.13,23,16.13,11.77,17.91,8.58,23.8,66450,18696,47754,33686,32764,14491,7856
"85","91","1004","10","HUANUCO","HUACAYBAMBA",0,0,0,0.185937963,70.46,16.06902507,4.422584387,156.4024982,0.5826,96.5215,6.5479,66.9303,53.1725,63.7385,22403,"NO","NO",1,3.43,43.694486,11.7,27.1,23.78,9.57,27.29,10.95,36.23,20408,3704,16704,10201,10207,4393,2153
"86","90","1003","10","HUANUCO","DOS DE MAYO",0,0,0,0.214606747,67.99,26.98813452,5.182401825,169.114576,0.5822,96.8027,13.0303,74.0063,49.4522,49.1357,52025,"NO","NO",2,3.9,44.239301,32.67,36.3,16.41,9.93,20.2,8.07,24.34,47008,16433,30575,23313,23695,9616,5481
"87","89","1002","10","HUANUCO","AMBO",0,0,0,0.237416523,72.83,34.92476852,4.583533016,193.1538723,0.5594,97.9204,11.1829,74.8834,25.5836,62.6859,57957,"NO","NO",2,3.31,44.291241,35.09,19.3,21.11,12.99,25.55,10.73,31.35,55483,18453,37030,27878,27605,11506,14409
"88","88","1001","10","HUANUCO","HUANUCO",0,0,0,0.330819434,72.25,49.6760252,7.207414278,295.5645523,0.7179,97.4669,21.9022,84.4585,65.5353,74.9612,301396,"NO","SI",4,2.83,44.626331,67.18,21.2,16.08,6.07,33.65,9.98,21.77,270233,163235,106998,133057,137176,68747,69290
"89","43","0501","05","AYACUCHO","HUAMANGA",0,0,0,0.327921277,70.88,54.34098709,8.035711603,267.6970922,0.7591,99.4419,19.1627,83.5629,74.3072,90.3163,261382,"NO","SI",3,2.77,41.332593,74.26,25.7,12.71,7.61,28.35,5.7,19.11,221390,161636,59754,108027,113363,69225,58896
"90","153","1902","19","PASCO","DANIEL ALCIDES CARRION",0,0,0,0.271150395,69.93,74.98793073,7.293104577,156.843407,0.6271,99.5,4.6297,95.0075,41.9339,69.4167,51789,"NO","NO",2,2.42,43.00097,25.33,29.1,11.99,11.7,12.45,6.3,17.57,47803,27967,19836,24029,23774,9713,4876
"91","154","1903","19","PASCO","OXAPAMPA",0,0,0,0.273068187,71.64,37.56274255,6.784234417,212.8235387,0.5744,94.7617,12.5667,65.4202,42.7355,63.3166,89543,"NO","NO",2,3.28,40.506873,4.39,23.2,10.14,4.68,13.9,6.48,14.41,81929,30805,51124,43328,38601,10564,26409
"92","152","1901","19","PASCO","PASCO",0,0,0,0.346992973,72.8,71.62752696,9.06947204,248.478959,0.7169,99.5,10.7282,94.3146,58.5859,88.1771,156259,"NO","SI",3,2.35,38.862711,31.67,19.4,6.2,4.83,10.66,2.67,9.87,150717,114821,35896,76788,73929,42498,29741
"93","51","0509","05","AYACUCHO","SUCRE",0,0,0,0.240582237,70.09,46.92580042,6.138474109,155.6280856,0.6307,99.2637,12.7053,86.8535,38.4042,69.6481,12255,"NO","NO",1,2.78,40.874325,7.05,28.5,18.57,14.57,24.69,7.21,29.09,12595,7694,4901,6216,6379,1986,2250
"94","176","2201","22","SAN MARTIN","MOYOBAMBA",0,0,0,0.284961261,73.07,40.91092625,6.87659829,221.1614011,0.6832,95.7572,9.9368,83.2734,72.5388,73.4589,136414,"NO","SI",3,2.79,23.284347,30.59,18.5,8.97,5.61,14.63,5.11,13.18,115389,68406,46983,59829,55560,24811,36127
"95","177","2202","22","SAN MARTIN","BELLAVISTA",0,0,0,0.269225459,70.33,29.9866656,6.349095536,240.4226789,0.6256,94.1988,7.979,76.7049,59.9836,68.6068,55815,"NO","NO",2,3.07,25.695764,6.12,27.6,8.35,5.76,11.85,4.78,12.66,49293,27181,22112,26361,22932,10719,14054
"96","178","2203","22","SAN MARTIN","EL DORADO",0,0,0,0.209755729,70.67,25.49608237,5.325047723,153.7964886,0.6066,96.8349,7.7403,66.9119,68.0806,58.5684,38152,"NO","NO",1,3.34,29.618165,25.91,26.4,12.71,8.58,15.56,7.5,18.95,33638,13087,20551,17914,15724,7285,9348
"97","179","2204","22","SAN MARTIN","HUALLAGA",0,0,0,0.25657742,74.69,28.84085577,6.577244197,196.4008656,0.66,96.7308,11.4771,78.1732,74.7704,61.2204,25357,"NO","NO",1,2.62,24.172389,10.27,14,7.05,3.99,11.3,4.29,10.24,24448,13281,11167,12916,11532,6699,7628
"98","180","2205","22","SAN MARTIN","LAMAS",0,0,0,0.239362558,72.25,31.1729661,5.571358296,184.1905196,0.6051,96.557,6.3469,72.5867,61.5244,61.297,83825,"NO","NO",2,2.74,26.881291,15.69,21.2,12.46,8.64,16.38,6.73,19.01,79075,37822,41253,41489,37586,17134,24370
"99","181","2206","22","SAN MARTIN","MARISCAL CACERES",0,0,0,0.300760721,71.92,36.7506004,7.171029772,265.0152848,0.6922,96.0263,9.981,85.2023,75.5526,72.7025,51489,"NO","NO",2,2.53,22.329468,3.51,22.3,6.19,4.2,9.75,4.11,8.61,50884,31626,19258,27048,23836,14498,15278
"100","182","2207","22","SAN MARTIN","PICOTA",0,0,0,0.28702815,72.34,37.55366358,6.553165676,243.3722774,0.6884,96.1658,7.8023,82.3184,73.9773,78.7176,42369,"NO","NO",1,2.84,24.531336,17.37,20.9,6.8,4.28,11.39,4.07,9.98,37721,23482,14239,20001,17720,9036,13153
"101","183","2208","22","SAN MARTIN","RIOJA",0,0,0,0.285143392,73.94,39.77831125,6.472313214,228.6641219,0.6672,95.4084,10.3815,83.083,58.2882,79.4966,120387,"NO","NO",3,2.89,24.325982,41.37,16.1,9.35,7.52,14.48,5.16,13.93,104882,75251,29631,54292,50590,23354,38952
"102","184","2209","22","SAN MARTIN","SAN MARTIN",0,0,0,0.380654237,72.28,61.60457589,8.949453666,344.8018226,0.8285,98.3258,21.3298,99.5,85.3935,95.5041,179184,"NO","NO",3,2.06,20.462078,28.57,21.1,3.45,2.86,10.12,2.1,4.85,161132,146109,15023,82159,78973,50811,49374
"103","45","0503","05","AYACUCHO","HUANCA SANCOS",0,0,0,0.22747975,70.52,32.05151605,5.887574853,160.9160731,0.5723,99.5,10.4056,85.4506,26.8577,56.9772,10472,"NO","NO",1,3.32,40.549598,3.71,26.9,18.33,14.7,25.57,5.02,30.35,10620,7168,3452,5153,5467,2373,1904
"104","44","0502","05","AYACUCHO","CANGALLO",0,0,0,0.193362985,71.89,24.42286804,4.343152448,144.0354224,0.5701,99.5,10.6072,70.7635,45.1408,51.9452,34298,"NO","NO",1,2.21,41.666833,18.21,22.4,26.72,20.89,29.92,11.08,40.12,34902,12169,22733,16724,18178,7955,5621
"105","47","0505","05","AYACUCHO","LA MAR",0,0,0,0.193867012,71.74,22.78934695,4.3566375,148.8242694,0.4946,98.2364,5.9239,61.5692,30.5293,47.0695,87160,"NO","NO",2,3.28,42.306407,19.17,22.9,24.06,19.03,27.75,13.88,34.91,84177,34385,49792,43439,40738,8599,16867
"106","46","0504","05","AYACUCHO","HUANTA",0,0,0,0.243352788,71.16,36.63575614,5.226091521,190.3114463,0.5971,98.3271,7.8265,72.0394,50.3193,64.8231,102619,"NO","NO",3,2.79,42.002134,24.07,24.8,21,12.48,28.59,10.25,31.25,93360,42816,50544,46378,46982,14274,21146
"107","49","0507","05","AYACUCHO","PARINACOCHAS",0,0,0,0.273954176,66.29,50.20201736,6.644710318,212.9535863,0.6471,99.4064,13.4073,83.9144,43.3083,74.5507,32023,"NO","NO",1,2.68,41.820746,5.03,43.4,17.28,10.25,26.92,9.02,25.6,30007,17340,12667,15122,14885,5091,5310
"108","48","0506","05","AYACUCHO","LUCANAS",0,0,0,0.274617445,71.01,54.97173098,6.566692926,189.9766196,0.6193,99.1895,10.0509,91.0306,36.7625,65.8977,67167,"NO","NO",2,3.45,41.277724,4.51,25.3,15.7,13.64,18.68,7.45,24.38,65414,38396,27018,33680,31734,8749,13174
"109","129","1502","15","LIMA","BARRANCA",0,0,0,0.401756352,76.24,66.61066817,8.680785617,364.4583909,0.8118,99.295,21.4062,83.9918,96.9944,89.9645,143216,"SI","NO",3,2.57,12.801658,98.76,10.1,5.77,4.77,11.74,2.77,8.77,133904,114260,19644,67138,66766,31769,51903
"110","130","1503","15","LIMA","CAJATAMBO",0,0,0,0.278975638,70.92,43.99102818,7.32306059,204.0586306,0.6624,97.773,16.2382,78.1014,51.6375,76.623,8139,"NO","NO",1,6.38,34.031646,5.52,25.6,10.07,10.7,9.1,2.95,17.67,8358,5049,3309,4288,4070,927,2240
"111","128","1501","15","LIMA","LIMA",0.86,0,0,0.500885223,75.86,77.77878762,10.7673,556.4218352,0.8999,99.3591,38.3657,89.5797,97.5604,99.5,8481415,"SI","SI",5,2.35,5.8414796,2846.16,10.9,1.83,1.82,6.87,0.71,2.86,7605742,7596058,9684,3713471,3892271,2913776,2768452
"112","133","1506","15","LIMA","HUARAL",0,0,0,0.390898514,75.91,68.36430891,8.580129314,338.7159531,0.777,99.0524,17.7469,84.0086,85.1771,90.6684,182409,"SI","NO",3,2.83,15.858376,45.04,10.8,5.55,4.96,8.31,2.66,8.49,164660,136487,28173,83461,81199,39152,71565
"113","134","1507","15","LIMA","HUAROCHIRI",0,0,0,0.360651459,71.37,70.92929887,9.090625712,282.9380017,0.7134,99.0322,16.2867,81.9827,73.6597,74.8972,79177,"NO","NO",2,3.12,27.154327,12.87,24.1,3.05,2.84,3.48,1.13,5.27,72845,49334,23511,38437,34408,22870,36719
"114","131","1504","15","LIMA","CANTA",0,0,0,0.32449897,74.08,46.93486985,7.985573602,262.7246078,0.6628,98.6936,29.0179,76.8965,39.9944,67.4349,14669,"NO","NO",1,3.69,20.477444,8.01,15.7,5.35,3.49,7.12,2.58,8.52,13513,6454,7059,7081,6432,3195,5557
"115","132","1505","15","LIMA",NA,0,0,0,0.374956666,75.76,46.69454164,9.437704167,341.4922479,0.7697,99.5034,16.3725,86.2599,86.3501,85.4381,222877,"SI","NO",3,3.02,18.942219,43.84,11.1,3.87,3.45,6.03,1.74,5.98,200662,168584,32078,100524,100138,55002,83310
"116","172","2110","21","PUNO","SAN ANTONIO DE PUTINA",0,0,0,0.275785193,66.91,62.15487797,6.398664331,199.9886457,0.5691,98.8164,2.64,88.4295,29.5768,63.3287,62247,"NO","NO",2,3.23,39.402547,15.74,40.8,11.69,7.21,20.93,6.2,18.17,50490,33665,16825,26862,23628,6238,8017
"117","173","2111","21","PUNO","SAN ROMAN",0,0,0,0.373834237,70.64,80.41288822,9.11363068,298.0719763,0.7813,99.0267,15.507,94.0194,72.2405,99.5,276352,"NO","NO",3,2.48,20.946029,105.71,26.5,5.8,4.53,20.07,1.88,9.45,240776,220610,20166,118151,122625,90004,63291
"118","174","2112","21","PUNO","SANDIA",0,0,0,0.244706867,68.26,53.10611118,6.068897204,160.3817143,0.6152,98.5936,6.4219,84.2576,50.2309,63.8324,68253,"NO","NO",2,3.29,36.921322,5.24,35.3,12.23,9.61,13.16,6.13,19.6,62147,16543,45604,33265,28882,9099,14908
"119","175","2113","21","PUNO","YUNGUYO",0,0,0,0.260051887,71.37,62.80766225,5.589762117,172.0070727,0.6807,98.3785,6.8712,87.114,52.7099,90.6861,48179,"NO","NO",1,2.89,19.578919,163.33,24.1,19.15,10.26,24.26,8.34,29.47,47400,17343,30057,23321,24079,10938,6304
"120","135","1508","15","LIMA","HUAURA",0.36,0,0,0.413680228,74.69,72.25012044,9.626688913,368.9099163,0.7884,99.4633,22.032,84.1302,85.147,88.7237,213188,"SI","NO",3,2.74,17.849094,40.34,14,4.13,3.37,9.13,1.9,6.37,197384,170562,26822,99472,97912,52891,78086
"121","136","1509","15","LIMA","OYON",0,0,0,0.338764031,71.89,57.48603058,8.349202904,273.1489147,0.7104,99.0082,9.4051,77.9139,77.8538,84.76,22217,"NO","NO",1,4.58,24.277411,10.94,22.4,7.18,6.67,8,1.89,13.23,20642,13308,7334,10831,9811,2816,6051
"122","75","0808","08","CUSCO","ESPINAR",0,0,0,0.275893519,69.52,50.58120403,5.994789867,215.4812122,0.6109,98.7317,8.9812,88.4132,45.8511,57.4631,68390,"NO","NO",2,2.66,47.064597,11.81,30.6,14.43,7.11,20.47,5.77,22.93,62698,28305,34393,31489,31209,19277,9671
"123","76","0809","08","CUSCO","LA CONVENCION",0,0,0,0.272757466,73.22,38.98886343,6.556942131,207.2189201,0.6069,96.3227,9.2718,84.7681,40.9197,66.0037,179515,"NO","NO",3,3.83,31.936549,5.55,18.1,13.65,6.74,16.76,8.25,19.94,166833,49892,116941,88181,78652,40835,43930
"124","71","0804","08","CUSCO","CALCA",0,0,0,0.25272728,71.55,40.19135508,5.53187249,192.8044732,0.6321,96.954,6.3367,77.724,52.6436,78.1668,72583,"NO","NO",2,3.04,41.932087,14.82,23.5,22.1,8.21,30.44,12.5,31.69,65407,23117,42290,32940,32467,20025,12974
"125","72","0805","08","CUSCO","CANAS",0,0,0,0.209772433,65.89,39.93191502,4.888893375,148.2867069,0.568,98.3403,5.3289,84.5397,34.0964,58.153,39973,"NO","NO",1,3.46,64.157638,18.2,45.1,20.65,11.59,22.53,8.07,32.68,38293,6156,32137,19170,19123,15404,3103
"126","73","0806","08","CUSCO","CANCHIS",0,0,0,0.29878139,70.14,58.41049652,6.732154136,229.0205144,0.7344,97.838,10.8021,92.7148,70.1059,88.5203,102826,"NO","NO",3,2.36,41.923469,24.24,28.3,16.45,9.09,27.65,6.53,25.3,96937,58355,38582,47071,49866,39626,13134
"127","74","0807","08","CUSCO","CHUMBIVILCAS",0,0,0,0.18895927,69.44,30.54674037,4.365222524,130.5868046,0.5329,97.8608,6.0491,76.0087,39.4397,43.0746,81878,"NO","NO",2,3.81,49.838411,14.07,30.9,25.96,14,29.83,11.78,40.13,75585,17505,58080,38166,37419,21153,6085
"128","68","0801","08","CUSCO","CUSCO",0,0,0,0.447770954,74.12,72.41241098,11.07600986,428.0380881,0.8762,97.8854,30.5147,99.5,90.3696,99.5,427580,"NO","SI",4,1.66,20.697917,596.1,15.6,3.86,3.29,18.56,1.34,6.12,367791,351780,16011,177553,190238,164170,79577
"129","69","0802","08","CUSCO","ACOMAYO",0,0,0,0.209077638,66.15,41.63204771,4.716717417,147.3321835,0.6331,97.199,10.4537,83.1267,48.2393,70.5703,28318,"NO","NO",1,3.94,63.590854,28.85,44,25.25,21.98,29.12,9.14,40.32,27357,14460,12897,13514,13843,8111,3465
"130","70","0803","08","CUSCO","ANTA",0,0,0,0.254172733,72.77,48.45788438,5.617769078,175.8500257,0.6379,97.9755,4.6273,82.8919,43.5397,86.8348,57262,"NO","NO",2,2.85,32.994515,29.22,19.5,18.86,12.53,22.41,9.83,27.72,54828,19386,35442,27608,27220,20380,10747
"131","171","2109","21","PUNO","MOHO",0,0,0,0.22062597,69.12,49.65047198,4.917643369,144.0364816,0.6098,98.1119,2.598,83.4812,45.2047,73.7554,26799,"NO","NO",1,3.91,27.995372,27.67,32.1,20.83,12.79,23.98,9.64,31.18,27819,7950,19869,13647,14172,7351,3626
"132","170","2108","21","PUNO","MELGAR",0,0,0,0.248745645,67.25,53.06523744,5.544552952,179.0280386,0.6322,99.0987,6.044,81.0894,60.8358,65.0074,77355,"NO","NO",2,3.42,38.25788,11.59,39.4,13.82,10.26,17.08,6.43,20.55,74735,35536,39199,36421,38314,26413,9932
"133","100","1102","11","ICA","CHINCHA",0,0,0,0.407674233,76.15,72.26868873,9.537767995,347.1932837,0.7622,99.4989,16.2647,84.4472,83.1503,86.8764,210098,"SI","NO",3,2.43,13.960389,65.03,10.3,2.69,2.27,6.06,1.25,4.06,194315,172733,21582,95977,98338,65088,64881
"134","101","1103","11","ICA","NASCA",0,0,0,0.42196649,76.53,72.41442146,9.883976109,370.8621391,0.7812,99.3843,18.7779,87.539,84.1663,88.2205,58817,"SI","NO",2,2.58,8.8035105,10.99,9.5,4.18,3.14,11.4,2.04,6.41,57531,50507,7024,29492,28039,17437,24582
"135","99","1101","11","ICA","ICA",0,0,0,0.441716171,75.91,75.4660253,10.78187488,397.3930891,0.845,99.5035,30.0232,87.7433,94.266,90.9563,349036,"SI","SI",4,2.04,11.92409,40.7,10.8,2.4,2.16,4.9,1.22,3.49,321332,293950,27382,157232,164100,108600,112346
"136","165","2103","21","PUNO","CARABAYA",0,0,0,0.207532167,64.22,39.53634313,5.298908617,142.9932158,0.6022,98.2289,4.6188,74.6275,52.4479,68.1171,87812,"NO","NO",2,3.97,43.263158,6.03,52.1,15.64,12.26,17.91,7.16,24.82,73946,30329,43617,38408,35538,13363,12782
"137","164","2102","21","PUNO","AZANGARO",0,0,0,0.230921507,65.84,53.1629671,5.613307184,153.0223504,0.5716,98.7557,2.9063,81.044,39.6135,61.5461,139092,"NO","NO",3,3.17,34.79674,27.53,45.3,17.07,9.06,20.16,7.3,25.92,136829,37508,99321,66613,70216,46385,16965
"138","163","2101","21","PUNO","PUNO",0,0,0,0.345362246,67.92,73.97297171,8.819199463,269.7452914,0.7483,98.9834,18.5388,93.596,64.1132,86.5741,244692,"SI","SI",3,2.36,15.621076,35.3,36.6,10.3,4.33,19.32,4.29,15.94,229236,136754,92482,113121,116115,78912,44900
"139","169","2107","21","PUNO","LAMPA",0,0,0,0.25436809,68.98,57.95768518,6.474900261,161.7077901,0.5839,99.3094,5.6917,83.7246,39.5906,59.8291,51039,"NO","NO",2,2.66,26.746336,8.33,32.6,11.48,7.91,13.7,4.59,18.23,48223,18659,29564,24061,24162,14674,8858
"140","168","2106","21","PUNO","HUANCANE",0,0,0,0.243012804,69.66,64.21712899,5.4111191,152.6074276,0.5866,98.59,6.42,86.7475,33.66,63.5913,67726,"NO","NO",2,3.17,24.635078,24.78,30.1,20.05,8.64,22.94,7.87,31.04,69522,13851,55671,33780,35742,24656,8096
"141","167","2105","21","PUNO","EL COLLAO",0,0,0,0.281205512,71.1,73.94964487,6.296991352,182.4191276,0.6141,99.407,4.2362,92.492,34.7087,73.3596,84865,"NO","NO",2,2.58,19.363288,14.47,25,14.56,5.83,18.56,6.34,22.94,81059,25376,55683,41148,39911,23463,8805
"142","166","2104","21","PUNO","CHUCUITO",0,0,0,0.269781212,71.01,66.73618516,6.757073412,165.7681118,0.6036,98.6818,3.6953,88.2616,37.3401,71.3466,142711,"NO","NO",3,2.82,23.142773,31.74,25.3,10.72,5.95,12.65,5.14,16.51,126259,35767,90492,64534,61725,21710,11467
"143","139","1602","16","LORETO","ALTO AMAZONAS",0,0,0,0.25844601,70.55,31.91735073,6.62411141,205.2203105,0.5685,94.0398,10.814,61.7112,44.4909,66.0007,117163,"NO","NO",3,3.35,31.50458,5.58,26.8,10.37,4.5,20.94,5.89,15.08,104667,62782,41885,53459,51208,32491,18620
"144","112","1209","12","JUNIN","CHUPACA",0,0,0,0.331883494,70.98,76.24377841,8.183301384,235.8516768,0.6888,97.8224,6.7123,93.7842,58.9627,82.6588,53564,"NO","NO",2,2.23,37.789407,44.99,25.4,7.9,6.59,10.01,2.22,13.01,51878,31328,20550,25096,26782,16727,15933
"145","111","1208","12","JUNIN","YAULI",0,0,0,0.422889577,73.47,70.87207243,9.907315358,397.7806973,0.7727,99.5,12.4015,99.0315,75.5876,91.573,45858,"NO","NO",1,2.42,42.441871,13.78,17.4,3.12,2.62,6.52,0.75,5.89,49838,43818,6020,26433,23405,15462,8871
"146","108","1205","12","JUNIN","JUNIN",0,0,0,0.307734777,69.52,65.32814123,7.197049941,229.2936275,0.6267,98.9176,12.5177,88.0828,23.2858,82.1882,27722,"NO","NO",1,2.46,24.092742,12.79,30.6,13.11,10.6,19.09,5.53,19.88,30187,21215,8972,14594,15593,6350,6219
"147","107","1204","12","JUNIN","JAUJA",0,0,0,0.331133006,70.85,66.55630102,8.210666706,248.665416,0.7053,98.0137,10.3796,90.8331,55.8857,90.6086,88524,"NO","NO",2,2.53,28.907721,24.55,25.8,7.4,6.25,10.26,2.11,12.05,92053,63941,28112,44311,47742,24624,25113
"148","110","1207","12","JUNIN","TARMA",0,0,0,0.330928975,72.25,57.47870396,7.656091465,268.0008497,0.7105,98.8506,10.9357,84.8047,62.1884,91.1852,111631,"NO","NO",3,2.28,32.539059,40.82,21.2,8.31,6.26,12.23,3.54,12.81,112230,72569,39661,55139,57091,20068,32234
"149","109","1206","12","JUNIN","SATIPO",0,0,0,0.245443412,70.85,38.15940058,6.601210319,167.7856079,0.5807,96.1116,5.1873,72.4222,51.8365,61.3319,244727,"NO","NO",3,3.35,31.657401,10.09,25.8,11.34,5.2,13.97,7.03,16.58,193872,53531,140341,103868,90004,23964,47272
"150","104","1201","12","JUNIN","HUANCAYO",0,0,0,0.397743963,72.16,73.43708995,9.842621109,340.9798333,0.8151,98.8701,20.3101,94.5642,85.4177,94.8395,497299,"NO","SI",4,2.1,31.212456,131.07,21.5,5.78,4.69,14.93,1.92,9.13,466346,412051,54295,222808,243538,177839,128534
"151","106","1203","12","JUNIN","CHANCHAMAYO",0,0,0,0.317245788,72.89,47.90550757,7.451467022,260.8300757,0.6428,97.5518,8.1031,80.7343,58.9306,70.703,193140,"NO","NO",3,2.82,26.02997,35.77,19.1,7.74,5.06,11.41,4.27,11.74,168949,96191,72758,89216,79733,23214,54320
"152","105","1202","12","JUNIN","CONCEPCION",0,0,0,0.303094701,70.55,61.05180279,7.3254262,220.492716,0.6705,97.8206,6.3452,85.5002,58.1659,83.1976,58942,"NO","NO",2,2.85,40.227942,19.6,26.8,10.24,6.22,14.94,3.97,15.95,60121,30619,29502,29280,30841,13037,18076
"153","53","0511","05","AYACUCHO","VILCAS HUAMAN",0,0,0,0.191552165,70.67,22.85218812,4.574453037,142.7184129,0.5349,99.1387,7.8826,72.025,45.8992,37.2551,23412,"NO","NO",1,2.89,41.145954,20.03,26.4,26.16,17.68,30.42,11.9,39.25,23600,7480,16120,11504,12096,3794,4796
"154","35","0401","04","AREQUIPA","AREQUIPA",0,0,0,0.477391136,73.94,85.87622018,11.27633799,469.3248748,0.9075,99.4183,40.4944,93.4114,95.5408,97.8951,936464,"NO","SI",4,1.93,12.85136,89.26,16.1,3.19,3.09,7.17,1.14,5.03,864250,842880,21370,415972,448278,470539,196390
"155","36","0402","04","AREQUIPA","CAMANA",0,0,0,0.419898928,74.98,75.43211431,9.500398923,377.5434277,0.7811,98.728,21.3335,90.3838,82.9674,82.893,57187,"SI","NO",2,2.49,12.846474,13.27,13.2,4.23,4.09,4.92,2.07,6.63,53065,44741,8324,27750,25315,18046,17384
"156","37","0403","04","AREQUIPA","CARAVELI",0.41,0,0,0.383991332,75.09,56.09710313,9.01662673,348.1037273,0.6946,98.4929,17.5497,80.9079,63.4413,75.1853,39317,"SI","NO",1,2.7,12.689372,2.73,12.9,4.63,3.84,5.94,2.24,7.99,35928,23080,12848,20273,15655,4349,14440
"157","38","0404","04","AREQUIPA","CASTILLA",0,0,0,0.352569773,71.43,59.73176343,8.125968692,305.6342167,0.7406,98.5589,12.3108,82.4863,85.132,83.6063,38990,"NO","NO",1,2.67,12.3565,5.56,23.9,9.13,6.83,12.09,3.85,15.23,38425,21913,16512,20269,18156,10956,7817
"158","39","0405","04","AREQUIPA","CAYLLOMA",0,0,0,0.355444089,71.58,70.43511052,7.842922387,295.4405735,0.6621,98.578,10.9773,84.3677,58.4541,71.3575,86542,"NO","NO",2,3.24,12.819912,5.26,23.4,8.29,7.17,10.41,2.87,13.97,73718,49062,24656,37876,35842,33058,19155
"159","40","0406","04","AREQUIPA","CONDESUYOS",0,0,0,0.335356478,72.01,59.59626153,7.918347213,269.1615736,0.6454,97.9444,12.945,83.2657,64.6445,55.2726,18540,"NO","NO",1,3.51,12.77101,2.73,22,10.15,7.43,11.94,3.33,19.41,18991,7764,11227,10539,8452,3846,3557
"160","41","0407","04","AREQUIPA","ISLAY",0.16,0,0,0.43074436,72.25,81.0441501,9.806806177,405.0657038,0.8179,98.504,18.6627,94.2023,92.6318,92.52,53047,"SI","NO",2,2.42,13.074024,13.45,21.2,4.12,4,5.28,1.82,6.59,52264,47402,4862,26846,25418,23049,10594
"161","42","0408","04","AREQUIPA","LA UNION",0,0,0,0.250336889,71.07,32.96748784,5.987278942,196.5324616,0.6325,96.7653,19.7837,71.4648,61.8834,53.1603,15164,"NO","NO",1,4.09,12.601857,3.3,25.1,20.78,15.05,26.26,8.58,32.63,15662,7550,8112,7814,7848,3065,2682
"162","80","0813","08","CUSCO","URUBAMBA",0,0,0,0.328419128,73.61,53.63762934,7.568300993,265.8943526,0.7234,96.0675,11.1369,89.0927,59.2273,98.7497,63039,"NO","NO",2,3.89,28.214876,39.38,17,11.99,5.42,19.02,5.65,18.6,56685,27731,28954,28869,27816,22028,13081
"163","79","0812","08","CUSCO","QUISPICANCHI",0,0,0,0.224805866,67.32,39.93512836,5.048635466,166.359526,0.618,97.6088,4.9016,74.7613,52.6529,75.8022,88967,"NO","NO",2,4.68,56.784395,10.86,39.1,22.93,11.05,30.35,9.73,36.11,82173,28911,53262,41442,40731,24211,16555
"164","78","0811","08","CUSCO","PAUCARTAMBO",0,0,0,0.160733118,67.15,22.08974578,3.658782006,120.6882532,0.5599,96.7844,6.1349,59.7834,46.3203,66.8591,50323,"NO","NO",2,5.27,59.347618,7.29,39.8,33.08,15.84,37.42,18.19,48.08,45877,8511,37366,23105,22772,12451,7335
"165","77","0810","08","CUSCO","PARURO",0,0,0,0.178090224,67.7,31.41127455,4.230806535,119.3697442,0.5573,97.6097,4.8544,74.8891,41.1514,56.9302,31521,"NO","NO",1,4.5,60.453242,15.59,37.5,27.83,21.65,31.35,13.9,41.83,30939,10575,20364,15760,15179,9117,4363
"166","65","0612","06","CAJAMARCA","SAN PABLO",0,0,0,0.204615181,68.39,23.91543875,4.760997694,165.7609429,0.5587,96.9911,3.7146,75.1291,55.086,45.9765,23885,"NO","NO",1,2.99,44.258271,34.38,34.8,19.72,8.17,21.99,8.68,29.84,23114,3594,19520,11261,11853,6412,5468
"167","196","2504","25","UCAYALI","PURUS",0,0,0,0.242792431,69.33,18.54308071,6.958800271,218.9732775,0.4473,91.9667,15.9542,51.3878,0.2351,53.4704,4251,"NO","NO",1,2.84,66.606504,0.21,31.3,19.33,7.15,26.55,9.53,31.05,3746,1251,2495,2011,1735,280,938
"168","195","2503","25","UCAYALI","PADRE ABAD",0,0,0,0.308483407,74.98,43.43128123,6.815407084,256.7977346,0.5023,97.3087,4.4984,73.2013,13.243,59.8946,56756,"NO","NO",2,3.04,33.732956,5.73,13.2,7.85,4.88,11.38,4.55,12.25,50590,26722,23868,27999,22591,9490,15089
"169","194","2502","25","UCAYALI","ATALAYA",0,0,0,0.232766033,65.41,26.84607437,6.006141375,198.6816459,0.4245,84.2895,4.5206,55.4652,13.2425,51.7253,50569,"NO","NO",2,4.72,64.037636,1.13,47.1,20.68,4.35,31.4,15.56,26.46,43933,15428,28505,22940,20993,4773,12408
"170","193","2501","25","UCAYALI","CORONEL PORTILLO",0,0,0,0.377457675,71.89,61.89346799,8.984064157,338.1303243,0.667,97.5922,12.5195,85.4286,42.8511,86.7715,366040,"NO","SI",4,2.51,27.596343,9.07,22.4,2.46,1.67,7.2,1.52,3.41,333890,281946,51944,169182,164708,79074,113656
"171","96","1009","10","HUANUCO","PUERTO INCA",0,0,0,0.234568717,72.13,20.22953737,5.405645618,213.7066386,0.4807,90.0761,13.7197,68.0194,25.5408,33.8304,32060,"NO","NO",1,2.75,43.800286,3.13,21.6,9.72,5.38,10.87,5.49,15.24,31032,6169,24863,17013,14019,4037,9206
"172","27","0220","02","ANCASH","YUNGAY",0,0,0,0.233970206,67.72,31.7099536,4.604450002,212.1907806,0.6249,97.275,10.2298,62.354,67.3776,68.3959,57969,"NO","NO",2,2.63,37.691281,40.37,37.4,28.11,10.94,34.36,15.72,39.87,54963,13268,41695,27043,27920,10635,16739
"173","95","1008","10","HUANUCO","PACHITEA",0,0,0,0.159797003,70.27,15.66293073,3.052669862,148.4104076,0.4821,94.7089,8.922,52.4708,35.9075,43.0686,69003,"NO","NO",2,2.8,43.955331,22.94,27.8,31.95,16.29,34.89,20.35,43.84,60321,8629,51692,30454,29867,10361,11740
"174","102","1104","11","ICA","PALPA",0,0,0,0.392866037,76.15,70.26372216,8.905266958,330.6952779,0.775,99.3064,18.157,85.4934,91.1803,81.2415,12621,"NO","NO",1,2.47,10.049524,10.44,10.3,5.78,4.91,7.42,3.22,8.47,12875,8489,4386,6602,6273,4015,5449
"175","94","1007","10","HUANUCO",NA,0,0,0,0.201032178,67.87,19.24363903,4.404891584,184.1822557,0.477,96.8355,6.7634,64.0645,23.8282,42.5136,30594,"NO","NO",1,3.1,44.173589,5.54,36.8,23.05,10.62,25.48,11.3,35.33,26620,4007,22613,13677,12943,5373,4708
"176","93","1006","10","HUANUCO","LEONCIO PRADO",0,0,0,0.319349608,73.51,45.96813294,6.962112921,277.9058942,0.6803,95.4785,18.5407,91.4246,51.5353,70.8055,129953,"NO","NO",3,2.03,44.570173,23.62,17.3,10.38,5.24,18.35,6.52,14.67,116965,68747,48218,61193,55772,21222,41049
"177","162","2008","20","PIURA","SECHURA",0,0,0,0.336294148,70.14,50.66051306,6.909077551,326.8788882,0.6745,97.9712,5.9599,79.84,72.387,77.137,71075,"NO","NO",2,3.17,29.070005,9.78,28.3,4.62,4.39,8.17,2.26,6.99,62319,58497,3822,31233,31086,12112,27838
"178","145","1608","16","LORETO","PUTUMAYO",0,0,0,0.366329917,71.22,50.5221481,8.952143107,346.8462798,0.6779,95.9809,12.4254,79.0188,57.2983,85.9357,550031,"NO","SI",4,2.51,30.595561,4.11,24.6,2.87,1.73,8.14,1.67,4.07,492992,392682,100310,248695,244297,139405,106591
"179","151","1803","18","MOQUEGUA","ILO",0.09,0,0,0.481313263,74.44,81.90700967,11.07750156,490.9752996,0.8504,99.5,21.2476,91.3031,99.5,99.5,68694,"SI","NO",2,2.05,2.1439818,46.19,14.7,1.98,2,0.15,0.74,3.24,63780,63068,712,32332,31448,30825,15916
"180","150","1802","18","MOQUEGUA","GENERAL SANCHEZ CERRO",0,0,0,0.329998857,75.49,76.89538179,8.310122167,212.2962635,0.6417,98.8706,13.2708,86.5558,38.3928,74.9002,27275,"NO","NO",1,2.15,20.921479,4.38,11.8,7.12,5.56,8.32,2.64,12.38,24904,10831,14073,13289,11615,5904,3778
"181","149","1801","18","MOQUEGUA","MARISCAL NIETO",0,0,0,0.448016944,75.63,79.28432884,9.933470303,424.8128197,0.8263,99.4366,26.9476,94.0548,80.8463,93.9171,78890,"NO","SI",2,2.08,8.2026345,8.4,11.4,6.28,5.29,12.15,2.55,10.17,72849,62797,10052,37266,35583,36565,14893
"182","138","1601","16","LORETO","MAYNAS",0,0,0,0.366329917,71.22,50.5221481,8.952143107,346.8462798,0.6779,95.9809,12.4254,79.0188,57.2983,85.9357,550031,"NO","SI",4,2.51,30.595561,4.11,24.6,2.87,1.73,8.14,1.67,4.07,492992,392682,100310,248695,244297,139405,106591
"183","140","1603","16","LORETO","LORETO",0,0,0,0.245031586,68.98,28.91431175,6.604478348,193.1771641,0.507,89.8845,6.2437,60.1239,32.464,60.621,69508,"NO","NO",2,3.83,31.224037,0.92,32.6,10.6,4.2,16.07,6.5,15.6,62165,26311,35854,33247,28918,11778,12142
"184","103","1105","11","ICA","PISCO",0,0,0,0.404780348,75.31,69.79470459,9.616805765,349.5505084,0.7092,99.2571,13.8738,84.8986,70.459,76.8762,132986,"SI","NO",3,2.37,11.6158,31.64,12.3,3.27,2.78,6.75,1.64,4.95,125879,110308,15571,64083,61796,35037,50013
"185","142","1605","16","LORETO","REQUENA",0,0,0,0.262124072,69.41,35.59160581,6.945986244,202.0106589,0.5378,92.4981,4.9098,64.907,27.0976,76.2223,72706,"NO","NO",2,3.53,30.896181,1.33,31,4.3,3.05,6.12,2.4,6.46,65692,37559,28133,34416,31276,9227,15472
"186","141","1604","16","LORETO","MARISCAL RAMON CASTILLA",0,0,0,0.23650673,69.23,22.32456809,6.384520373,199.7735248,0.4707,91.3034,4.5533,55.2372,23.2198,58.0174,67143,"NO","NO",2,3.75,31.425798,1.47,31.7,9.37,4.22,11.76,6.35,13.09,54829,16574,38255,29366,25463,5411,14798
"187","144","1607","16","LORETO",NA,0,0,0,0.189648022,69.33,15.00203907,5.426988064,151.254925,0.4295,81.9682,4.7538,44.0338,32.0778,48.7369,59620,"NO","NO",2,2.84,66.606504,1.06,31.3,18.69,6.67,23.82,8.86,29.13,49571,13598,35973,25223,24348,8706,7087
"188","143","1606","16","LORETO","UCAYALI",0,0,0,0.271670346,68.26,42.43352495,7.210192702,205.4871367,0.5572,90.6369,4.5009,71.0551,33.5148,75.8978,70782,"NO","NO",2,4.05,30.829523,2.11,35.3,3.8,2.31,5.82,2.14,5.76,61816,33885,27931,32556,29260,10908,11869
"189","156","2002","20","PIURA","AYABACA",0,0,0,0.194729095,68.63,26.08558739,4.507090734,147.2452445,0.5102,94.8213,3.6732,60.0579,51.9557,42.1461,141708,"NO","NO",3,4.36,53.389937,26.46,33.9,20.46,6.37,22.64,14,27.27,138403,15845,122558,70777,67626,25866,24239
"190","157","2003","20","PIURA","HUANCABAMBA",0,0,0,0.199530813,66.8,28.14436807,4.437859483,157.9261838,0.5334,94.1863,5.6703,65.4099,56.4812,41.1786,127423,"NO","NO",3,3.98,59.708586,29.22,41.3,24.45,6.51,27.38,13.6,35.19,124298,15358,108940,62396,61902,20106,27526
"191","155","2001","20","PIURA","PIURA",0,0,0,0.389075363,72.92,62.89432368,8.810064923,361.2345746,0.7426,98.5621,15.3145,89.086,77.9517,80.1926,734437,"NO","SI",4,2.45,20.585733,107.22,19,7.43,5.97,17.14,4.35,10.33,665991,573139,92852,327852,338139,140940,206840
"192","160","2006","20","PIURA","SULLANA",0,0,0,0.371643468,74.62,63.46140749,8.271042649,319.5071066,0.7548,97.9271,12.9206,91.7215,78.0363,88.1845,309605,"NO","NO",4,2.45,12.790551,53.04,14.2,6.25,5.6,12.21,5.15,7.31,287680,258723,28957,142411,145269,55271,126417
"193","161","2007","20","PIURA","TALARA",0,0,0,0.417441879,73.36,65.52080198,9.8028318,401.1024688,0.8082,99.0036,17.2074,97.9404,84.5123,93.9844,133148,"SI","NO",3,2.3,10.666118,46.22,17.7,1.9,1.84,4.47,1.36,2.43,129396,126866,2530,65002,64394,40685,38701
"194","158","2004","20","PIURA","MORROPON",0,0,0,0.289142229,70.46,50.09163643,5.745930739,245.7949251,0.6653,97.1181,7.3392,80.9296,67.5797,74.8067,159486,"NO","NO",3,2.93,26.869871,41.83,27.1,13.72,10.09,19,10.12,17.4,159693,91798,67895,80951,78742,32301,57567
"195","159","2005","20","PIURA","PAITA",0,0,0,0.386221671,73.54,58.79516999,7.786610797,387.5828237,0.7154,99.2638,6.7769,85.3579,76.5216,85.2715,122725,"SI","NO",3,2.74,15.968354,60.8,17.2,5.51,5.16,12.85,3.96,7.06,108535,103615,4920,54581,53954,25790,41585
"196","67","0701","07","CALLAO","CALLAO",17.63,0,0,0.482167219,76.24,75.2892562,10.3685,515.039929,0.8514,99.4939,26.4218,89.8493,93.0432,99.2529,969170,"SI","SI",4,2.48,7.5,5965.96,10.1,1.56,1.56,NA,0.69,2.39,876877,876877,0,430582,446295,296562,293068
